[{"art_id":289,"story_id":6.0,"story_pos":0},{"art_id":290,"story_id":6.0,"story_pos":1},{"art_id":288,"story_id":6.0,"story_pos":2},{"art_id":6169,"story_id":8.0,"story_pos":0},{"art_id":6171,"story_id":8.0,"story_pos":1},{"art_id":1877,"story_id":8.0,"story_pos":2},{"art_id":466,"story_id":8.0,"story_pos":3},{"art_id":9393,"story_id":11.0,"story_pos":0},{"art_id":9396,"story_id":11.0,"story_pos":1},{"art_id":463,"story_id":11.0,"story_pos":2},{"art_id":2583,"story_id":29.0,"story_pos":0},{"art_id":2589,"story_id":29.0,"story_pos":1},{"art_id":2593,"story_id":29.0,"story_pos":2}]